<odoo>
    <data>
        <record id="seq_hotel_room" model="ir.sequence">
            <field name="name">rooms sequence</field>
            <field name="code">hotel.room</field>
            <field name="prefix">HR</field>
            <field name="padding">5</field>
            <field name="company_id" eval="False"/>
        </record>
        <record id="seq_hotel_reservation" model="ir.sequence">
            <field name="name">Reservation Sequence</field>
            <field name="code">hotel.reservation</field>
            <field name="prefix">HR</field>
            <field name="padding">5</field>
            <field name="company_id" eval="False"/>
        </record>
        <record id="ir_cron_set_status" model="ir.cron">
            <field name="name">Hotel - Update Reservations Status</field>
            <field name="model_id" ref="model_hotel_reservation"/>
            <field name="type">ir.actions.server</field>
            <field name="state">code</field>
            <field name="code">model.check_reservation_status()</field>
            <field name="interval_number">1</field>
            <field name="interval_type">days</field>
            <field name="numbercall">-1</field>
            <field name="nextcall"
                   eval="(DateTime.now().replace(hour=0, minute=0, second=1) + timedelta(days=1)).strftime('%Y-%m-%d %H:%M:%S')"/>
        </record>
    </data>
</odoo>
