<?xml version="1.0" encoding="UTF-8"?>
<templates xml:space="preserve">
    <t t-name="formio.builder" owl="1">
        <t t-set="builder" t-value="model.data[0]"/>
        <Layout viewType="'formio_builder'">
            <div class="o_form_view">
                <div class="o_form_sheet_bg">
                    <div t-attf-class="clearfix o_form_sheet formio_builder_container {{ builder.state }}">
                        <h1><span name="title" t-esc="builder.title"/></h1>
                        <div class="formio_builder_dock float-right">
                            <ul>
                                <li class="fullscreen_formio">
                                    <button id="fullscreen_formio" class="pull-right">Fullscreen (Exit with ESC)</button>
                                </li>
                                <li class="version">
                                    <strong>Version: </strong><span t-esc="builder.version"/>
                                </li>
                                <t t-if="builder.parent_version">
                                    <li class="parent">
                                        <strong>Parent version: </strong><span t-esc="builder.parent_version"/>
                                    </li>
                                </t>
                                <li class="formio_version">
                                    <strong>formio.js version: </strong><span t-esc="builder.formio_version_name"/>
                                </li>
                                <li class="builder_state">
                                    <t t-if="builder.state == 'DRAFT'">
                                        <span t-attf-class="badge mb-1 badge-pill badge-warning">State: <strong><t t-esc="builder.display_state"/></strong></span>
                                    </t>
                                    <t t-elif="builder.state == 'CURRENT'">
                                        <span t-attf-class="badge mb-1 badge-pill badge-success">State: <strong><t t-esc="builder.display_state"/></strong></span>
                                    </t>
                                    <t t-elif="builder.state == 'OBSOLETE'">
                                        <span t-attf-class="badge mb-1 badge-pill badge-dark">State: <strong><t t-esc="builder.display_state"/></strong></span>
                                    </t>
                                    <t t-else="">
                                        <span t-attf-class="badge mb-1 badge-pill badge-light">State: <strong><t t-esc="builder.display_state"/></strong></span>
                                    </t>
                                </li>
                            </ul>
                        </div>
                        <div class="formio_builder_iframe_container">
                            <iframe t-attf-src="/formio/builder/{{ builder.id }}" id="formio_builder_embed" allowfullscreen="true"/>
                            <script>
                                var fullscreen = document.getElementById('fullscreen_formio');
                                var iframe = document.getElementById('formio_builder_embed');
                                fullscreen.addEventListener('click', (function () {
                                    iframe.requestFullscreen();
                                }));
                            </script>
                        </div>
                    </div>
                </div>
            </div>
        </Layout>
    </t>

    <t t-name="formio.form" owl="1">
        <t t-set="form" t-value="model.data[0]"/>
        <Layout viewType="'formio_form'">
            <div class="o_form_view">
                <div class="o_form_sheet_bg">
                    <div t-attf-class="clearfix o_form_sheet formio_form_container {{ form.state }}">
                        <div class="formio_form_iframe_container">
                            <iframe t-attf-src="/formio/form/{{ form.uuid }}" class="formio_form_embed"/>
                            <script>
                                iFrameResize(
                                    {
                                        heightCalculationMethod: 'taggedElement',
                                        bodyMargin: &quot;<t t-esc="form.iframe_resizer_body_margin"/>&quot;
                                    },
                                    '.formio_form_embed'
                                );
                            </script>
                        </div>
                    </div>
                </div>
            </div>
        </Layout>
    </t>
</templates>
