<?xml version="1.0"?>
<openerp>
    <data noupdate="1">
        <function model="ir.config_parameter" name="set_param" eval="('app_system_name', 'odooAi')"/>
        <function model="ir.config_parameter" name="set_param" eval="('app_show_lang', 'True')"/>
        <function model="ir.config_parameter" name="set_param" eval="('app_show_debug', 'True')"/>
        <function model="ir.config_parameter" name="set_param" eval="('app_show_documentation', 'True')"/>
        <function model="ir.config_parameter" name="set_param" eval="('app_show_documentation_dev', 'True')"/>
        <function model="ir.config_parameter" name="set_param" eval="('app_show_support', 'True')"/>
        <function model="ir.config_parameter" name="set_param" eval="('app_show_account', 'True')"/>
        <function model="ir.config_parameter" name="set_param" eval="('app_show_enterprise', 'False')"/>
        <function model="ir.config_parameter" name="set_param" eval="('app_show_share', 'False')"/>
        <function model="ir.config_parameter" name="set_param" eval="('app_show_poweredby', 'False')"/>
        <function model="ir.config_parameter" name="set_param" eval="('app_documentation_url', 'https://www.odooai.cn/documentation/16.0/index.html')"/>
        <function model="ir.config_parameter" name="set_param" eval="('app_documentation_dev_url', 'https://www.odooai.cn/documentation/16.0/developer.html')"/>
        <function model="ir.config_parameter" name="set_param" eval="('app_support_url', 'https://www.odooai.cn/trial')"/>
        <function model="ir.config_parameter" name="set_param" eval="('app_account_title', 'My Online Account')"/>
        <function model="ir.config_parameter" name="set_param" eval="('app_account_url', 'https://www.odooai.cn/my')"/>
        <function model="ir.config_parameter" name="set_param" eval="('app_enterprise_url', 'https://www.odooai.cn')"/>
        <function model="ir.config_parameter" name="set_param" eval="('app_ribbon_name', 'odooai.cn')"/>
        <function model="ir.config_parameter" name="set_param" eval="('app_ribbon_color', '#f0f0f0')"/>
        <function model="ir.config_parameter" name="set_param" eval="('app_ribbon_background_color', 'rgba(255,0,0,.4)')"/>
        <function model="ir.config_parameter" name="set_param" eval="('app_navbar_pos_pc', 'top')"/>
        <function model="ir.config_parameter" name="set_param" eval="('app_navbar_pos_mobile', 'bottom')"/>
        <function model="ir.config_parameter" name="set_param" eval="('app_debug_only_admin', 'True')"/>
    </data>
</openerp>