<?xml version="1.0" encoding="utf-8"?>
<odoo>
    <data>
        <record id="module_category_openeducat" model="ir.module.category">
            <field name="name">OpenEduCat</field>
            <field name="description">Helps you manage your institutes different-different users.</field>
            <field name="sequence">15</field>
        </record>

        <record id="module_category_openeducat_others" model="ir.module.category">
            <field name="name">OpenEduCat Others</field>
            <field name="description">Helps you manage your institutes different-different users.</field>
            <field name="sequence">20</field>
        </record>


        <record id="group_op_faculty" model="res.groups">
            <field name="name">Faculty</field>
            <field name="category_id" ref="module_category_openeducat"/>
            <field name="users" eval="[(4, ref('base.user_admin'))]"/>
            <field name="implied_ids" eval="[(4, ref('base.group_user'))]"/>
        </record>

        <record id="group_op_back_office" model="res.groups">
            <field name="name">Back Office</field>
            <field name="category_id" ref="module_category_openeducat"/>
            <field name="users" eval="[(4, ref('base.user_admin'))]"/>
            <field name="implied_ids"
                   eval="[(4, ref('openeducat_core.group_op_faculty')),(4, ref('base.group_partner_manager'))]"/>
        </record>

        <record id="group_op_back_office_admin" model="res.groups">
            <field name="name">Back Office Admin</field>
            <field name="category_id" ref="module_category_openeducat"/>
            <field name="users" eval="[(4, ref('base.user_admin'))]"/>
            <field name="implied_ids"
                   eval="[(4, ref('openeducat_core.group_op_back_office')),(4, ref('base.group_system'))]"/>
        </record>

        <record model="ir.rule" id="student_login_rule">
            <field name="name">Student Login rule</field>
            <field name="model_id" ref="model_op_student"/>
            <field name="groups"
                   eval="[(4, ref('openeducat_core.group_op_back_office_admin'))]"/>
            <field name="domain_force">[('user_id','=',user.id)]</field>
        </record>

        <record model="ir.rule" id="view_students_rule">
            <field name="name">View Students</field>
            <field name="model_id" ref="model_op_student"/>
            <field name="groups"
                   eval="[(4, ref('openeducat_core.group_op_faculty'))]"/>
            <field name="domain_force">[(1,'=',1)]</field>
        </record>

        <record model="ir.rule" id="faculty_login_rule">
            <field name="name">Faculty Login rule</field>
            <field name="model_id" ref="model_op_faculty"/>
            <field name="groups"
                   eval="[(4, ref('openeducat_core.group_op_faculty'))]"/>
            <field name="domain_force">['|',('user_id','=',user.id),('emp_id.user_id','=',user.id)]</field>
        </record>

        <record model="ir.rule" id="view_faculty_rule">
            <field name="name">View Faculties</field>
            <field name="model_id" ref="model_op_faculty"/>
            <field name="groups"
                   eval="[(4, ref('openeducat_core.group_op_back_office'))]"/>
            <field name="domain_force">[(1,'=',1)]</field>
        </record>

        <record model="ir.rule" id="student_subject_registration_rule">
            <field name="name">Student Subject Registration Rule</field>
            <field name="model_id" ref="model_op_subject_registration"/>
            <field name="groups"
                   eval="[(4, ref('openeducat_core.group_op_back_office_admin'))]"/>
            <field name="domain_force">['|', ('student_id.user_id','=',user.id), ('student_id.user_id','in',
                user.child_ids.ids)]
            </field>
        </record>

        <record model="ir.rule" id="view_all_subject_registration_rule">
            <field name="name">View Students Registration</field>
            <field name="model_id" ref="model_op_subject_registration"/>
            <field name="groups"
                   eval="[(4, ref('openeducat_core.group_op_faculty'))]"/>
            <field name="domain_force">[(1,'=',1)]</field>
        </record>

        <record model="ir.rule" id="academic_term_multi_comp_rule">
            <field name="name">Academic Term multi company</field>
            <field name="model_id" ref="openeducat_core.model_op_academic_term"/>
            <field name="global" eval="True"/>
            <field name="domain_force">
                ['|','|',('company_id','=',False),('company_id','child_of',[user.company_id.id]),('company_id','in',user.company_ids.ids),('company_id',
                'in', company_ids)]
            </field>
        </record>

        <record model="ir.rule" id="academic_year_multi_comp_rule">
            <field name="name">Academic Year multi company</field>
            <field name="model_id" ref="openeducat_core.model_op_academic_year"/>
            <field name="global" eval="True"/>
            <field name="domain_force">
                ['|','|',('company_id','=',False),('company_id','child_of',[user.company_id.id]),('company_id','in',user.company_ids.ids),('company_id',
                'in', company_ids)]
            </field>
        </record>

    </data>
</odoo>
